{
  "status": "success",
  "video_info": {
    "filename": "e1127e2c-7146-4a50-aa94-1419d0300b1f_7.mp4",
    "duration": 7.4,
    "frame_count": 185,
    "fps": 25.0
  },
  "scene": "television_room",
  "ad_detected": true,
  "FA1": 40.0,
  "FA2": 100.0,
  "FA3": 34.91019412365311,
  "final_score": 75.96407764946125,
  "analyzed_frames": 1,
  "frame_details": [
    {
      "frame": 180,
      "timestamp": 7.2,
      "scene": "television_room",
      "scene_image": "frame_180.jpg",
      "ad_coords": {
        "x": 131,
        "y": 208,
        "width": 253,
        "height": 252
      },
      "FA1": 40.0,
      "FA2": 100.0,
      "FA3": 34.91019412365311,
      "final_score": 75.96407764946125,
      "ad_image": "frame_180_evaluation.jpg"
    }
  ]
}